[
    {
        "title": "Professional",
        "subtitle": "A beautiful, simple website",
        "yprice": "$199.99",
        "yduration": "/yearly",
        "mprice": "$19.99",
        "mduration": "/monthly",
        "facility": [
            "10 Pages Responsive Website",
            "5 PPC Campaigns",
            "10 SEO Keywords",
            "5 Facebook Camplaigns",
            "2 Video Camplaigns"
        ]
    },
    {
        "title": "Standard",
        "subtitle": "Small Team",
        "yprice": "$219.99",
        "yduration": "/yearly",
        "mprice": "$29.99",
        "mduration": "/monthly",
        "facility": [
            "20 Pages Responsive Website",
            "Unlimited PPC Campaigns",
            "Unlimited SEO Keywords",
            "Unlimited Facebook Camplaigns",
            "Unlimited Video Camplaigns"
        ]
    },
    {
        "title": "Ultimate",
        "subtitle": "Large Team",
        "yprice": "$559.99",
        "yduration": "/yearly",
        "mprice": "$59.99",
        "mduration": "/monthly",
        "facility": [
            "50 Pages Responsive Website",
            "Unlimited PPC Campaigns",
            "Unlimited SEO Keywords",
            "Unlimited Facebook Camplaigns",
            "Unlimited Video Camplaigns"
        ]
    }
]