[
    {   "id": 1,
        "thumb": "/images/team/team-1.png",
        "title": "Savannah Nguyen",
        "designation": "Communications <br> Strategist",
        "description": "Phasellus in libero et nunc malesuada tincidunt. Morbi auctor tristique semper. Nunc condimentum dapibus felis, non volutpat ligula dapibus non. Quisque varius massa magna, eget iaculis ipsum tincidunt sed. Sed tempus magna id nunc posuere auctor. Morbi aliquam a justo eget cursus. Donec at quam id ex mollis dapibus eget ac sem. Maecenas pharetra bibendum massa, ut tincidunt lectus.",
        "social": {
            "facebook": "https://www.facebook.com/",
            "twitter": "https://twitter.com/",
            "pinterst": "https://www.pinterest.com/",
            "linkedin": "https://www.linkedin.com/",
            "instagram": "https://www.instagram.com/",
            "vimeo": "https://vimeo.com/",
            "dribble": "https://dribbble.com/",
            "behance": "https://www.behance.net/"
        }
    },
    {   "id": 2,
        "thumb": "/images/team/team-2.png",
        "title": "Jerome Bell",
        "designation": "Lead Research <br> Producer",
        "description": "Phasellus in libero et nunc malesuada tincidunt. Morbi auctor tristique semper. Nunc condimentum dapibus felis, non volutpat ligula dapibus non. Quisque varius massa magna, eget iaculis ipsum tincidunt sed. Sed tempus magna id nunc posuere auctor. Morbi aliquam a justo eget cursus. Donec at quam id ex mollis dapibus eget ac sem. Maecenas pharetra bibendum massa, ut tincidunt lectus.",
        "social": {
            "facebook": "https://www.facebook.com/",
            "twitter": "https://twitter.com/",
            "pinterst": "https://www.pinterest.com/",
            "linkedin": "https://www.linkedin.com/",
            "instagram": "https://www.instagram.com/",
            "vimeo": "https://vimeo.com/",
            "dribble": "https://dribbble.com/",
            "behance": "https://www.behance.net/"
        }
    },
    {   "id": 3,
        "thumb": "/images/team/team-3.png",
        "title": "Darlene Robertson",
        "designation": "Implementation <br> Specialist",
        "description": "Phasellus in libero et nunc malesuada tincidunt. Morbi auctor tristique semper. Nunc condimentum dapibus felis, non volutpat ligula dapibus non. Quisque varius massa magna, eget iaculis ipsum tincidunt sed. Sed tempus magna id nunc posuere auctor. Morbi aliquam a justo eget cursus. Donec at quam id ex mollis dapibus eget ac sem. Maecenas pharetra bibendum massa, ut tincidunt lectus.",
        "social": {
            "facebook": "https://www.facebook.com/",
            "twitter": "https://twitter.com/",
            "pinterst": "https://www.pinterest.com/",
            "linkedin": "https://www.linkedin.com/",
            "instagram": "https://www.instagram.com/",
            "vimeo": "https://vimeo.com/",
            "dribble": "https://dribbble.com/",
            "behance": "https://www.behance.net/"
        }
    },
    {   "id": 4,
        "thumb": "/images/team/team-4.png",
        "title": "Marvin McKinney",
        "designation": "Forward Interactions <br> Developer",
        "description": "Phasellus in libero et nunc malesuada tincidunt. Morbi auctor tristique semper. Nunc condimentum dapibus felis, non volutpat ligula dapibus non. Quisque varius massa magna, eget iaculis ipsum tincidunt sed. Sed tempus magna id nunc posuere auctor. Morbi aliquam a justo eget cursus. Donec at quam id ex mollis dapibus eget ac sem. Maecenas pharetra bibendum massa, ut tincidunt lectus.",
        "social": {
            "facebook": "https://www.facebook.com/",
            "twitter": "https://twitter.com/",
            "pinterst": "https://www.pinterest.com/",
            "linkedin": "https://www.linkedin.com/",
            "instagram": "https://www.instagram.com/",
            "vimeo": "https://vimeo.com/",
            "dribble": "https://dribbble.com/",
            "behance": "https://www.behance.net/"
        }
    },
    {   "id": 5,
        "thumb": "/images/team/team-5.png",
        "title": "Ralph Edwards",
        "designation": "Communications <br> Strategist",
        "description": "Phasellus in libero et nunc malesuada tincidunt. Morbi auctor tristique semper. Nunc condimentum dapibus felis, non volutpat ligula dapibus non. Quisque varius massa magna, eget iaculis ipsum tincidunt sed. Sed tempus magna id nunc posuere auctor. Morbi aliquam a justo eget cursus. Donec at quam id ex mollis dapibus eget ac sem. Maecenas pharetra bibendum massa, ut tincidunt lectus.",
        "social": {
            "facebook": "https://www.facebook.com/",
            "twitter": "https://twitter.com/",
            "pinterst": "https://www.pinterest.com/",
            "linkedin": "https://www.linkedin.com/",
            "instagram": "https://www.instagram.com/",
            "vimeo": "https://vimeo.com/",
            "dribble": "https://dribbble.com/",
            "behance": "https://www.behance.net/"
        }
    },
    {   "id": 6,
        "thumb": "/images/team/team-6.png",
        "title": "Kathryn Murphy",
        "designation": "Lead Research <br> Producer",
        "description": "Phasellus in libero et nunc malesuada tincidunt. Morbi auctor tristique semper. Nunc condimentum dapibus felis, non volutpat ligula dapibus non. Quisque varius massa magna, eget iaculis ipsum tincidunt sed. Sed tempus magna id nunc posuere auctor. Morbi aliquam a justo eget cursus. Donec at quam id ex mollis dapibus eget ac sem. Maecenas pharetra bibendum massa, ut tincidunt lectus.",
        "social": {
            "facebook": "https://www.facebook.com/",
            "twitter": "https://twitter.com/",
            "pinterst": "https://www.pinterest.com/",
            "linkedin": "https://www.linkedin.com/",
            "instagram": "https://www.instagram.com/",
            "vimeo": "https://vimeo.com/",
            "dribble": "https://dribbble.com/",
            "behance": "https://www.behance.net/"
        }
    },
    {   "id": 7,
        "thumb": "/images/team/team-7.png",
        "title": "Jane Cooper",
        "designation": "Implementation <br> Specialist",
        "description": "Phasellus in libero et nunc malesuada tincidunt. Morbi auctor tristique semper. Nunc condimentum dapibus felis, non volutpat ligula dapibus non. Quisque varius massa magna, eget iaculis ipsum tincidunt sed. Sed tempus magna id nunc posuere auctor. Morbi aliquam a justo eget cursus. Donec at quam id ex mollis dapibus eget ac sem. Maecenas pharetra bibendum massa, ut tincidunt lectus.",
        "social": {
            "facebook": "https://www.facebook.com/",
            "twitter": "https://twitter.com/",
            "pinterst": "https://www.pinterest.com/",
            "linkedin": "https://www.linkedin.com/",
            "instagram": "https://www.instagram.com/",
            "vimeo": "https://vimeo.com/",
            "dribble": "https://dribbble.com/",
            "behance": "https://www.behance.net/"
        }
    },
    {   "id": 8,
        "thumb": "/images/team/team-8.png",
        "title": "Cody Fisher",
        "designation": "Forward Interactions <br> Developer",
        "description": "Phasellus in libero et nunc malesuada tincidunt. Morbi auctor tristique semper. Nunc condimentum dapibus felis, non volutpat ligula dapibus non. Quisque varius massa magna, eget iaculis ipsum tincidunt sed. Sed tempus magna id nunc posuere auctor. Morbi aliquam a justo eget cursus. Donec at quam id ex mollis dapibus eget ac sem. Maecenas pharetra bibendum massa, ut tincidunt lectus.",
        "social": {
            "facebook": "https://www.facebook.com/",
            "twitter": "https://twitter.com/",
            "pinterst": "https://www.pinterest.com/",
            "linkedin": "https://www.linkedin.com/",
            "instagram": "https://www.instagram.com/",
            "vimeo": "https://vimeo.com/",
            "dribble": "https://dribbble.com/",
            "behance": "https://www.behance.net/"
        }
    }
]