[
    {
        "fromtext": "Yelp",
        "from": "/images/icon/yelp-2.png",
        "description": "“ Donec metus lorem, vulputate at sapien sit amet, auctor iaculis lorem. In vel hendrerit nisi. Vestibulum eget risus velit. ”",
        "authorimg": "/images/testimonial/testimonial-1.png",
        "authorwebp": "/images/testimonial/testimonial-1.webp",
        "authorname": "Darrell Steward",
        "authordesig": "Gerente Corporativo de RH - Electrolux"
    },
    {
        "fromtext": "Google",
        "from": "/images/icon/google-2.png",
        "description": "“ Donec metus lorem, vulputate at sapien sit amet, auctor iaculis lorem. In vel hendrerit nisi. Vestibulum eget risus velit. ”",
        "authorimg": "/images/testimonial/testimonial-2.png",
        "authorwebp": "/images/testimonial/testimonial-2.webp",
        "authorname": "Savannah Nguyen",
        "authordesig": "Sócio Proprietário - Latus Sul"
    },
    {
        "fromtext": "Facebook",
        "from": "/images/icon/fb-2.png",
        "description": "“ Donec metus lorem, vulputate at sapien sit amet, auctor iaculis lorem. In vel hendrerit nisi. Vestibulum eget risus velit. ”",
        "authorimg": "/images/testimonial/testimonial-3.png",
        "authorwebp": "/images/testimonial/testimonial-3.webp",
        "authorname": "Floyd Miles",
        "authordesig": "CEO - General Agro"
    },
    {
        "fromtext": "Yelp",
        "from": "/images/icon/yelp-2.png",
        "description": "“ Donec metus lorem, vulputate at sapien sit amet, auctor iaculis lorem. In vel hendrerit nisi. Vestibulum eget risus velit. ”",
        "authorimg": "/images/testimonial/testimonial-1.png",
        "authorwebp": "/images/testimonial/testimonial-1.webp",
        "authorname": "Darrell Steward",
        "authordesig": "Executive Chairman"
    },
    {
        "fromtext": "Google",
        "from": "/images/icon/google-2.png",
        "description": "“ Donec metus lorem, vulputate at sapien sit amet, auctor iaculis lorem. In vel hendrerit nisi. Vestibulum eget risus velit. ”",
        "authorimg": "/images/testimonial/testimonial-2.png",
        "authorwebp": "/images/testimonial/testimonial-2.webp",
        "authorname": "Savannah Nguyen",
        "authordesig": "Executive Chairman"
    },
    {
        "fromtext": "Facebook",
        "from": "/images/icon/fb-2.png",
        "description": "“ Donec metus lorem, vulputate at sapien sit amet, auctor iaculis lorem. In vel hendrerit nisi. Vestibulum eget risus velit. ”",
        "authorimg": "/images/testimonial/testimonial-3.png",
        "authorwebp": "/images/testimonial/testimonial-3.webp",
        "authorname": "Floyd Miles",
        "authordesig": "Executive Chairman"
    },
    {
        "fromtext": "Yelp",
        "from": "/images/icon/yelp-2.png",
        "description": "“ Donec metus lorem, vulputate at sapien sit amet, auctor iaculis lorem. In vel hendrerit nisi. Vestibulum eget risus velit. ”",
        "authorimg": "/images/testimonial/testimonial-1.png",
        "authorwebp": "/images/testimonial/testimonial-1.webp",
        "authorname": "Darrell Steward",
        "authordesig": "CEO - General Agro"
    },
    {
        "fromtext": "Google",
        "from": "/images/icon/google-2.png",
        "description": "“ Donec metus lorem, vulputate at sapien sit amet, auctor iaculis lorem. In vel hendrerit nisi. Vestibulum eget risus velit. ”",
        "authorimg": "/images/testimonial/testimonial-2.png",
        "authorwebp": "/images/testimonial/testimonial-2.webp",
        "authorname": "Savannah Nguyen",
        "authordesig": "Gerente Corporativo de RH - Electrolux"
    },
    {
        "fromtext": "Facebook",
        "from": "/images/icon/fb-2.png",
        "description": "“ Donec metus lorem, vulputate at sapien sit amet, auctor iaculis lorem. In vel hendrerit nisi. Vestibulum eget risus velit. ”",
        "authorimg": "/images/testimonial/testimonial-3.png",
        "authorwebp": "/images/testimonial/testimonial-3.webp",
        "authorname": "Floyd Miles",
        "authordesig": "Sócio Proprietário - Latus Sul"
    }
]